Year,Country,Region,HappinessScore,HappinessScore_woDystopia,Economy_GDP,Family,Health_LifeExp,Freedom,Trust_GovtCorruption,Generosity,Dystopia_Residual
2015,Switzerland,Western Europe,7.587,5.06958,1.39651,1.34951,0.94143,0.66557,0.41978,0.29678,2.51738
2015,Norway,Western Europe,7.522,5.05691,1.459,1.33095,0.88521,0.66973,0.36503,0.34699,2.46531
2015,Qatar,Middle East and Northern Africa,6.611,5.05456,1.69042,1.0786,0.79733,0.6404,0.52208,0.32573,1.55674
2015,Denmark,Western Europe,7.527,5.03504,1.32548,1.36058,0.87464,0.64938,0.48357,0.34139,2.49204
2015,New Zealand,Australia and New Zealand,7.286,5.02183,1.25018,1.31967,0.90837,0.63938,0.42922,0.47501,2.26425
2015,Australia,Australia and New Zealand,7.284,5.0176,1.33358,1.30923,0.93156,0.65124,0.35637,0.43562,2.26646
2015,Sweden,Western Europe,7.364,4.99251,1.33171,1.28907,0.91087,0.6598,0.43844,0.36262,2.37119
2015,Luxembourg,Western Europe,6.946,4.97663,1.56391,1.21963,0.91894,0.61583,0.37798,0.28034,1.96961
2015,Canada,North America,7.427,4.97518,1.32629,1.32261,0.90563,0.63297,0.32957,0.45811,2.45176
2015,Ireland,Western Europe,6.94,4.96458,1.33596,1.36948,0.89533,0.61777,0.28703,0.45901,1.9757
2015,Singapore,Southeastern Asia,6.798,4.91278,1.52186,1.02,1.02525,0.54252,0.4921,0.31105,1.88501
2015,Netherlands,Western Europe,7.378,4.91245,1.32944,1.28017,0.89284,0.61576,0.31814,0.4761,2.4657
2015,United Kingdom,Western Europe,6.867,4.89732,1.26637,1.28548,0.90943,0.59625,0.32067,0.51912,1.96994
2015,Iceland,Western Europe,7.561,4.85891,1.30232,1.40223,0.94784,0.62877,0.14145,0.4363,2.70201
2015,Hong Kong,Eastern Asia,5.474,4.8196,1.38604,1.05818,1.01328,0.59608,0.37124,0.39478,0.65429
2015,Finland,Western Europe,7.406,4.78654,1.29025,1.31826,0.88911,0.64169,0.41372,0.23351,2.61955
2015,Austria,Western Europe,7.2,4.66666,1.33723,1.29704,0.89042,0.62433,0.18676,0.33088,2.5332
2015,United Arab Emirates,Middle East and Northern Africa,6.901,4.65395,1.42727,1.12575,0.80925,0.64157,0.38583,0.26428,2.24743
2015,Malta,Western Europe,6.302,4.65367,1.2074,1.30203,0.88721,0.60365,0.13586,0.51752,1.6488
2015,Germany,Western Europe,6.75,4.63449,1.32792,1.29937,0.89186,0.61477,0.21843,0.28214,2.11569
2015,United States,North America,7.119,4.6094,1.39451,1.24711,0.86179,0.54604,0.1589,0.40105,2.51011
2015,Belgium,Western Europe,6.937,4.52255,1.30782,1.28566,0.89667,0.5845,0.2254,0.2225,2.41484
2015,Kuwait,Middle East and Northern Africa,6.295,4.41844,1.55422,1.16594,0.72492,0.55499,0.25609,0.16228,1.87634
2015,Oman,Middle East and Northern Africa,6.853,4.37809,1.36011,1.08182,0.76276,0.63274,0.32524,0.21542,2.47489
2015,France,Western Europe,6.575,4.36384,1.27778,1.26038,0.94579,0.55011,0.20646,0.12332,2.21126
2015,Japan,Eastern Asia,5.987,4.30277,1.27074,1.25712,0.99111,0.49615,0.1806,0.10705,1.68435
2015,Slovenia,Central and Eastern Europe,5.848,4.2319,1.18498,1.27385,0.87337,0.60855,0.03787,0.25328,1.61583
2015,Bahrain,Middle East and Northern Africa,5.96,4.2217,1.32376,1.21624,0.74716,0.45492,0.306,0.17362,1.73797
2015,Spain,Western Europe,6.329,4.20528,1.23011,1.31379,0.95562,0.45951,0.06398,0.18227,2.12367
2015,Israel,Middle East and Northern Africa,7.278,4.18913,1.22857,1.22393,0.91387,0.41319,0.07785,0.33172,3.08854
2015,Uruguay,Latin America and Caribbean,6.485,4.16376,1.06166,1.2089,0.8116,0.60362,0.24558,0.2324,2.32142
2015,Thailand,Southeastern Asia,6.455,4.13525,0.9669,1.26504,0.7385,0.55664,0.03187,0.5763,2.31945
2015,North Cyprus,Western Europe,5.695,4.09646,1.20806,1.07008,0.92356,0.49027,0.1428,0.26169,1.59888
2015,Costa Rica,Latin America and Caribbean,7.226,4.04849,0.95578,1.23788,0.86027,0.63376,0.10583,0.25497,3.17728
2015,Chile,Latin America and Caribbean,6.67,3.99383,1.10715,1.12447,0.85857,0.44132,0.12869,0.33363,2.67585
2015,Taiwan,Eastern Asia,6.298,3.9749,1.29098,1.07617,0.8753,0.3974,0.08129,0.25376,2.32323
2015,Saudi Arabia,Middle East and Northern Africa,6.411,3.97237,1.39541,1.08393,0.72025,0.31048,0.32524,0.13706,2.43872
2015,Panama,Latin America and Caribbean,6.786,3.93778,1.06353,1.1985,0.79661,0.5421,0.0927,0.24434,2.84848
2015,Poland,Central and Eastern Europe,5.791,3.92499,1.12555,1.27948,0.77903,0.53122,0.04212,0.16759,1.86565
2015,Italy,Western Europe,5.948,3.92297,1.25114,1.19777,0.95446,0.26236,0.02901,0.22823,2.02518
2015,Trinidad and Tobago,Latin America and Caribbean,6.168,3.89888,1.21183,1.18354,0.61483,0.55884,0.0114,0.31844,2.26882
2015,Malaysia,Southeastern Asia,5.77,3.88503,1.12486,1.07023,0.72394,0.53024,0.10501,0.33075,1.88541
2015,Estonia,Central and Eastern Europe,5.429,3.84078,1.15174,1.22791,0.77361,0.44888,0.15184,0.0868,1.58782
2015,Portugal,Western Europe,5.102,3.83711,1.15991,1.13935,0.87519,0.51469,0.01078,0.13719,1.26462
2015,Czech Republic,Central and Eastern Europe,6.505,3.82726,1.17898,1.20643,0.84483,0.46364,0.02652,0.10686,2.67782
2015,Cyprus,Western Europe,5.689,3.79943,1.20813,0.89318,0.92356,0.40672,0.06146,0.30638,1.88931
2015,Uzbekistan,Central and Eastern Europe,6.003,3.76543,0.63244,1.34043,0.59772,0.65821,0.30826,0.22837,2.23741
2015,South Korea,Eastern Asia,5.984,3.76395,1.24461,0.95774,0.96538,0.33208,0.07857,0.18557,2.21978
2015,Slovakia,Central and Eastern Europe,5.995,3.74867,1.16891,1.26999,0.78902,0.31751,0.03431,0.16893,2.24639
2015,Argentina,Latin America and Caribbean,6.574,3.73806,1.05351,1.24823,0.78723,0.44974,0.08484,0.11451,2.836
2015,Brazil,Latin America and Caribbean,6.983,3.72257,0.98124,1.23287,0.69702,0.49049,0.17521,0.14574,3.26001
2015,Mauritius,Sub-Saharan Africa,5.477,3.71563,1.00761,0.98521,0.7095,0.56066,0.07521,0.37744,1.76145
2015,Paraguay,Latin America and Caribbean,5.878,3.68941,0.75985,1.30477,0.66098,0.53899,0.08242,0.3424,2.18896
2015,Belarus,Central and Eastern Europe,5.813,3.68163,1.03192,1.23289,0.73608,0.37938,0.1909,0.11046,2.1309
2015,Turkmenistan,Central and Eastern Europe,5.548,3.67834,0.95847,1.22668,0.53886,0.4761,0.30844,0.16979,1.86984
2015,Dominican Republic,Latin America and Caribbean,4.885,3.67154,0.89537,1.17202,0.66825,0.57672,0.14234,0.21684,1.21305
2015,Libya,Middle East and Northern Africa,5.754,3.66373,1.13145,1.11862,0.7038,0.41668,0.11023,0.18295,2.09066
2015,Colombia,Latin America and Caribbean,6.477,3.61943,0.91861,1.24018,0.69077,0.53466,0.0512,0.18401,2.85737
2015,Venezuela,Latin America and Caribbean,6.81,3.6189,1.04424,1.25596,0.72052,0.42908,0.11069,0.05841,3.19131
2015,Bhutan,Southern Asia,5.253,3.61493,0.77042,1.10395,0.57407,0.53206,0.15445,0.47998,1.63794
2015,Kazakhstan,Central and Eastern Europe,5.855,3.60793,1.12254,1.12241,0.64368,0.51649,0.08454,0.11827,2.24729
2015,Sri Lanka,Southern Asia,4.271,3.59968,0.83524,1.01905,0.70806,0.53726,0.09179,0.40828,0.67108
2015,Mexico,Latin America and Caribbean,7.187,3.58516,1.02054,0.91451,0.81444,0.48181,0.21312,0.14074,3.60214
2015,Hungary,Central and Eastern Europe,4.8,3.55884,1.12094,1.20215,0.75905,0.32112,0.02758,0.128,1.24074
2015,Indonesia,Southeastern Asia,5.399,3.53474,0.82827,1.08708,0.63793,0.46611,0,0.51535,1.86399
2015,Mongolia,Eastern Asia,4.874,3.52669,0.82819,1.3006,0.60268,0.43626,0.02666,0.3323,1.34759
2015,Nicaragua,Latin America and Caribbean,5.828,3.5043,0.59325,1.14184,0.74314,0.55475,0.19317,0.27815,2.32407
2015,Suriname,Latin America and Caribbean,6.269,3.47835,0.99534,0.972,0.6082,0.59657,0.13633,0.16991,2.79094
2015,Latvia,Central and Eastern Europe,5.098,3.4754,1.11312,1.09562,0.72437,0.29671,0.06332,0.18226,1.62215
2015,Russia,Central and Eastern Europe,5.716,3.4419,1.13764,1.23617,0.66926,0.36679,0.03005,0.00199,2.27394
2015,Ecuador,Latin America and Caribbean,5.975,3.43585,0.86402,0.99903,0.79075,0.48574,0.1809,0.11541,2.53942
2015,Jamaica,Latin America and Caribbean,5.709,3.38852,0.81038,1.15102,0.68741,0.50442,0.02299,0.2123,2.32038
2015,Lithuania,Central and Eastern Europe,5.833,3.3861,1.14723,1.25745,0.73128,0.21342,0.01031,0.02641,2.44649
2015,Guatemala,Latin America and Caribbean,6.123,3.38028,0.74553,1.04356,0.64425,0.57733,0.09472,0.27489,2.74255
2015,Philippines,Southeastern Asia,5.073,3.31977,0.70532,1.03516,0.58114,0.62545,0.12279,0.24991,1.7536
2015,Bulgaria,Central and Eastern Europe,4.218,3.31859,1.01216,1.10614,0.76649,0.30587,0.00872,0.11921,0.89991
2015,Jordan,Middle East and Northern Africa,5.192,3.31236,0.90198,1.05392,0.69639,0.40661,0.14293,0.11053,1.87996
2015,China,Eastern Asia,5.14,3.28008,0.89012,0.94675,0.81658,0.51697,0.02781,0.08185,1.8604
2015,Lebanon,Middle East and Northern Africa,4.839,3.26864,1.02564,0.80001,0.83947,0.33916,0.04582,0.21854,1.57059
2015,Macedonia,Central and Eastern Europe,5.007,3.26771,0.91851,1.00232,0.73545,0.33457,0.05327,0.22359,1.73933
2015,Turkey,Middle East and Northern Africa,5.332,3.24716,1.06098,0.94632,0.73172,0.22815,0.15746,0.12253,2.08528
2015,Peru,Latin America and Caribbean,5.824,3.22962,0.90019,0.97459,0.73017,0.41496,0.05989,0.14982,2.5945
2015,Azerbaijan,Central and Eastern Europe,5.212,3.21121,1.02389,0.93793,0.64045,0.3703,0.16065,0.07799,2.00073
2015,Romania,Central and Eastern Europe,5.124,3.19288,1.04345,0.88588,0.7689,0.35068,0.00649,0.13748,1.93129
2015,Algeria,Middle East and Northern Africa,5.605,3.17251,0.93929,1.07772,0.61766,0.28579,0.17383,0.07822,2.43209
2015,Vietnam,Southeastern Asia,5.36,3.15863,0.63216,0.91226,0.74676,0.59444,0.10441,0.1686,2.20173
2015,Laos,Southeastern Asia,4.876,3.1381,0.59066,0.73803,0.54909,0.59591,0.24249,0.42192,1.73799
2015,Ukraine,Central and Eastern Europe,4.681,3.10934,0.79907,1.20278,0.6739,0.25123,0.02961,0.15275,1.5714
2015,Serbia,Central and Eastern Europe,5.123,3.09808,0.92053,1.00964,0.74836,0.20107,0.02617,0.19231,2.025
2015,El Salvador,Latin America and Caribbean,6.13,3.09516,0.76454,1.02507,0.67737,0.4035,0.11776,0.10692,3.035
2015,Montenegro,Central and Eastern Europe,5.192,3.09212,0.97438,0.90557,0.72521,0.1826,0.14296,0.1614,2.10017
2015,Bolivia,Latin America and Caribbean,5.89,3.06644,0.68133,0.97841,0.5392,0.57414,0.088,0.20536,2.82334
2015,Albania,Central and Eastern Europe,4.959,3.06044,0.87867,0.80434,0.81325,0.35733,0.06413,0.14272,1.89894
2015,Greece,Western Europe,4.857,3.05648,1.15406,0.92933,0.88213,0.07699,0.01397,0,1.80101
2015,Kyrgyzstan,Central and Eastern Europe,5.286,3.0537,0.47428,1.15115,0.65088,0.43477,0.04232,0.3003,2.2327
2015,Croatia,Central and Eastern Europe,5.759,3.0044,1.08254,0.79624,0.78805,0.25883,0.0243,0.05444,2.75414
2015,Iran,Middle East and Northern Africa,4.686,2.99114,1.0088,0.54447,0.69805,0.30033,0.05863,0.38086,1.6944
2015,Somaliland region,Sub-Saharan Africa,5.057,2.947,0.18847,0.95152,0.43873,0.46582,0.39928,0.50318,2.11032
2015,Honduras,Latin America and Caribbean,4.788,2.9439,0.59532,0.95348,0.6951,0.40148,0.06825,0.23027,1.84408
2015,South Africa,Sub-Saharan Africa,4.642,2.92269,0.92049,1.18468,0.27688,0.33207,0.08884,0.11973,1.71956
2015,Gabon,Sub-Saharan Africa,3.896,2.89751,1.06024,0.90528,0.43372,0.31914,0.11091,0.06822,0.99895
2015,Myanmar,Southeastern Asia,4.307,2.88898,0.27108,0.70905,0.48246,0.44017,0.19034,0.79588,1.41805
2015,Bosnia and Herzegovina,Central and Eastern Europe,4.949,2.885,0.83223,0.91916,0.79081,0.09245,0.00227,0.24808,2.06367
2015,Botswana,Sub-Saharan Africa,4.332,2.87025,0.99355,1.10464,0.04776,0.49495,0.12474,0.10461,1.46181
2015,Cambodia,Southeastern Asia,3.819,2.8374,0.46038,0.62736,0.61114,0.66246,0.07247,0.40359,0.98195
2015,Kosovo,Central and Eastern Europe,5.589,2.82278,0.80148,0.81198,0.63132,0.24749,0.04741,0.2831,2.76579
2015,Rwanda,Sub-Saharan Africa,3.465,2.79462,0.22208,0.7737,0.42864,0.59201,0.55191,0.22628,0.67042
2015,Moldova,Central and Eastern Europe,5.889,2.78186,0.59448,1.01528,0.61826,0.32818,0.01615,0.20951,3.10712
2015,Iraq,Middle East and Northern Africa,4.677,2.72385,0.98549,0.81889,0.60237,0,0.13788,0.17922,1.95335
2015,Georgia,Central and Eastern Europe,4.297,2.70133,0.7419,0.38562,0.72926,0.40577,0.38331,0.05547,1.59541
2015,Syria,Middle East and Northern Africa,3.006,2.67771,0.6632,0.47489,0.72193,0.15684,0.18906,0.47179,0.32858
2015,Tajikistan,Central and Eastern Europe,4.786,2.67251,0.39047,0.85563,0.57379,0.47216,0.15072,0.22974,2.11399
2015,Palestinian Territories,Middle East and Northern Africa,4.715,2.67095,0.59867,0.92558,0.66015,0.24499,0.12905,0.11251,2.04384
2015,Kenya,Sub-Saharan Africa,4.419,2.63378,0.36471,0.99876,0.41435,0.42215,0.05839,0.37542,1.78555
2015,Tunisia,Middle East and Northern Africa,4.739,2.61392,0.88113,0.60429,0.73793,0.26268,0.06358,0.06431,2.12466
2015,Egypt,Middle East and Northern Africa,4.194,2.59495,0.8818,0.747,0.61712,0.17288,0.06324,0.11291,1.59927
2015,Armenia,Central and Eastern Europe,4.35,2.59124,0.76821,0.77711,0.7299,0.19847,0.039,0.07855,1.75873
2015,Morocco,Middle East and Northern Africa,5.013,2.55937,0.73479,0.64095,0.60954,0.41691,0.08546,0.07172,2.45373
2015,Nepal,Southern Asia,4.514,2.55805,0.35997,0.86449,0.56874,0.38282,0.05907,0.32296,1.95637
2015,Uganda,Sub-Saharan Africa,3.931,2.50322,0.21102,1.13299,0.33861,0.45727,0.07267,0.29066,1.42766
2015,Zambia,Sub-Saharan Africa,5.129,2.4946,0.47038,0.91612,0.29924,0.48827,0.12468,0.19591,2.6343
2015,Senegal,Sub-Saharan Africa,3.904,2.45985,0.36498,0.97619,0.4354,0.36772,0.10713,0.20843,1.44395
2015,Tanzania,Sub-Saharan Africa,3.781,2.40005,0.2852,1.00268,0.38215,0.32878,0.05747,0.34377,1.38079
2015,Swaziland,Sub-Saharan Africa,4.867,2.38033,0.71206,1.07284,0.07566,0.30658,0.0306,0.18259,2.48676
2015,Nigeria,Sub-Saharan Africa,5.268,2.37471,0.65435,0.90432,0.16007,0.34334,0.0403,0.27233,2.89319
2015,Sudan,Sub-Saharan Africa,4.55,2.34192,0.52107,1.01404,0.36878,0.10081,0.1466,0.19062,2.20857
2015,Ghana,Sub-Saharan Africa,4.633,2.32428,0.54558,0.67954,0.40132,0.42342,0.04355,0.23087,2.30919
2015,Djibouti,Sub-Saharan Africa,4.369,2.31795,0.44025,0.59207,0.36291,0.46074,0.28105,0.18093,2.05125
2015,Mauritania,Sub-Saharan Africa,4.436,2.31782,0.45407,0.86908,0.35874,0.24232,0.17461,0.219,2.11773
2015,Congo (Brazzaville),Sub-Saharan Africa,3.989,2.30747,0.67866,0.6629,0.31051,0.41466,0.11686,0.12388,1.68135
2015,Cameroon,Sub-Saharan Africa,4.252,2.30132,0.4225,0.88767,0.23402,0.49309,0.05786,0.20618,1.95071
2015,India,Southern Asia,4.565,2.28955,0.64499,0.38174,0.51529,0.39786,0.08492,0.26475,2.27513
2015,Haiti,Latin America and Caribbean,4.518,2.27609,0.26673,0.74302,0.38847,0.24425,0.17175,0.46187,2.24173
2015,Ivory Coast,Sub-Saharan Africa,3.655,2.23787,0.46534,0.77115,0.15185,0.46866,0.17922,0.20165,1.41723
2015,Mali,Sub-Saharan Africa,3.995,2.2019,0.26074,1.03526,0.20583,0.38857,0.12352,0.18798,1.79293
2015,Bangladesh,Southern Asia,4.694,2.17634,0.39753,0.43106,0.60164,0.4082,0.12569,0.21222,2.51767
2015,Zimbabwe,Sub-Saharan Africa,4.61,2.16778,0.271,1.03276,0.33475,0.25861,0.08079,0.18987,2.44191
2015,Yemen,Middle East and Northern Africa,4.077,2.15362,0.54649,0.68093,0.40064,0.35571,0.07854,0.09131,1.92313
2015,Burkina Faso,Sub-Saharan Africa,3.587,2.12197,0.25812,0.85188,0.27125,0.39493,0.12832,0.21747,1.46494
2015,Lesotho,Sub-Saharan Africa,4.898,2.09919,0.37545,1.04103,0.07612,0.31767,0.12504,0.16388,2.79832
2015,Pakistan,Southern Asia,5.194,2.08657,0.59543,0.41411,0.51466,0.12102,0.10464,0.33671,3.10709
2015,Angola,Sub-Saharan Africa,4.033,2.08351,0.75778,0.8604,0.16683,0.10384,0.07122,0.12344,1.94939
2015,Ethiopia,Sub-Saharan Africa,4.512,2.06357,0.19073,0.60406,0.44055,0.4345,0.15048,0.24325,2.44876
2015,Comoros,Sub-Saharan Africa,3.956,1.99752,0.23906,0.79273,0.36315,0.22917,0.199,0.17441,1.95812
2015,Sierra Leone,Sub-Saharan Africa,4.507,1.99709,0.33024,0.95571,0,0.4084,0.08786,0.21488,2.51009
2015,Niger,Sub-Saharan Africa,3.845,1.9663,0.0694,0.77265,0.29707,0.47692,0.15639,0.19387,1.87877
2015,Mozambique,Sub-Saharan Africa,4.971,1.91974,0.08308,1.02626,0.09131,0.34037,0.15603,0.22269,3.05137
2015,Madagascar,Sub-Saharan Africa,3.681,1.82987,0.20824,0.66801,0.46721,0.19184,0.08124,0.21333,1.851
2015,Liberia,Sub-Saharan Africa,4.571,1.79414,0.0712,0.78968,0.34201,0.28531,0.06232,0.24362,2.77729
2015,Chad,Sub-Saharan Africa,3.667,1.72421,0.34193,0.76062,0.1501,0.23501,0.05269,0.18386,1.94296
2015,Benin,Sub-Saharan Africa,3.34,1.70681,0.28665,0.35386,0.3191,0.4845,0.0801,0.1826,1.63328
2015,Guinea,Sub-Saharan Africa,3.656,1.66422,0.17417,0.46475,0.24009,0.37725,0.12139,0.28657,1.99172
2015,Congo (Kinshasa),Sub-Saharan Africa,4.517,1.6499,0,1.0012,0.09806,0.22605,0.07625,0.24834,2.86712
2015,Afghanistan,Southern Asia,3.575,1.62245,0.31982,0.30285,0.30335,0.23414,0.09719,0.3651,1.9521
2015,Malawi,Sub-Saharan Africa,4.292,1.48459,0.01604,0.41134,0.22562,0.43054,0.06977,0.33128,2.80791
2015,Togo,Sub-Saharan Africa,2.839,1.27171,0.20868,0.13995,0.28443,0.36453,0.10731,0.16681,1.56726
2015,Burundi,Sub-Saharan Africa,2.905,1.07152,0.0153,0.41587,0.22396,0.1185,0.10062,0.19727,1.83302
2015,Central African Republic,Sub-Saharan Africa,3.678,0.95552,0.0785,0,0.06699,0.48879,0.08289,0.23835,2.7223
2016,New Zealand,Australia and New Zealand,7.334,4.85892,1.36066,1.17278,0.83096,0.58147,0.41904,0.49401,2.47553
2016,Norway,Western Europe,7.498,4.83293,1.57744,1.1269,0.79579,0.59609,0.35776,0.37895,2.66465
2016,Switzerland,Western Europe,7.509,4.81403,1.52733,1.14524,0.86303,0.58557,0.41203,0.28083,2.69463
2016,Qatar,Middle East and Northern Africa,6.375,4.7923,1.82427,0.87964,0.71723,0.56679,0.48049,0.32388,1.58224
2016,Denmark,Western Europe,7.526,4.78621,1.44178,1.16374,0.79504,0.57941,0.44453,0.36171,2.73939
2016,Australia,Australia and New Zealand,7.313,4.76614,1.44443,1.10476,0.8512,0.56837,0.32331,0.47407,2.5465
2016,Luxembourg,Western Europe,6.871,4.76063,1.69752,1.03999,0.84542,0.5487,0.35329,0.27571,2.11055
2016,Ireland,Western Europe,6.907,4.74678,1.48341,1.16157,0.81455,0.54008,0.29754,0.44963,2.15988
2016,Singapore,Southeastern Asia,6.739,4.74495,1.64555,0.86758,0.94719,0.4877,0.46987,0.32706,1.99375
2016,Sweden,Western Europe,7.291,4.74405,1.45181,1.08764,0.83121,0.58218,0.40867,0.38254,2.54734
2016,Canada,North America,7.404,4.69918,1.44015,1.0961,0.8276,0.5737,0.31329,0.44834,2.70485
2016,Iceland,Western Europe,7.501,4.67002,1.42666,1.18326,0.86733,0.56624,0.14975,0.47678,2.83137
2016,Netherlands,Western Europe,7.339,4.63165,1.46468,1.02912,0.81231,0.55211,0.29927,0.47416,2.70749
2016,Finland,Western Europe,7.413,4.58753,1.40598,1.13464,0.81091,0.57104,0.41004,0.25492,2.82596
2016,United Kingdom,Western Europe,6.725,4.57537,1.40283,1.08672,0.80991,0.50036,0.27399,0.50156,2.14999
2016,Hong Kong,Eastern Asia,5.458,4.53191,1.5107,0.87021,0.95277,0.48079,0.31647,0.40097,0.92614
2016,Malta,Western Europe,6.488,4.49761,1.30782,1.09879,0.80315,0.54994,0.17554,0.56237,1.99032
2016,Germany,Western Europe,6.994,4.48517,1.44787,1.09774,0.81487,0.53466,0.28551,0.30452,2.50931
2016,Austria,Western Europe,7.119,4.42554,1.45038,1.08383,0.80565,0.54355,0.21348,0.32865,2.69343
2016,United States,North America,7.104,4.37586,1.50796,1.04782,0.779,0.48163,0.14868,0.41077,2.72782
2016,United Arab Emirates,Middle East and Northern Africa,6.573,4.35826,1.57352,0.87114,0.72993,0.56215,0.35561,0.26591,2.21507
2016,Belgium,Western Europe,6.929,4.31589,1.42539,1.05249,0.81959,0.51354,0.26248,0.2424,2.61355
2016,Japan,Eastern Asia,5.921,4.11522,1.38007,1.06054,0.91491,0.46761,0.18985,0.10224,1.80584
2016,Puerto Rico,Latin America and Caribbean,7.039,4.03114,1.35943,1.08113,0.77758,0.46823,0.12275,0.22202,3.0076
2016,France,Western Europe,6.478,4.00321,1.39488,1.00508,0.83795,0.46562,0.17808,0.1216,2.4744
2016,Slovenia,Central and Eastern Europe,5.768,3.97248,1.29947,1.05613,0.79151,0.53164,0.03635,0.25738,1.79522
2016,Spain,Western Europe,6.361,3.96441,1.34253,1.12945,0.87896,0.37545,0.06137,0.17665,2.39663
2016,Kuwait,Middle East and Northern Africa,6.239,3.95841,1.61714,0.87758,0.63569,0.43166,0.23669,0.15965,2.28085
2016,Israel,Middle East and Northern Africa,7.267,3.95668,1.33766,0.99537,0.84917,0.36432,0.08728,0.32288,3.31029
2016,Bahrain,Middle East and Northern Africa,6.218,3.94411,1.44024,0.94397,0.65696,0.47375,0.25772,0.17147,2.27405
2016,Thailand,Southeastern Asia,6.474,3.89404,1.0893,1.04477,0.64915,0.49553,0.02833,0.58696,2.5796
2016,Uruguay,Latin America and Caribbean,6.545,3.87321,1.18157,1.03143,0.72183,0.54388,0.21394,0.18056,2.67139
2016,North Cyprus,Western Europe,5.771,3.83605,1.31141,0.81826,0.84142,0.43596,0.16578,0.26322,1.93447
2016,Taiwan,Eastern Asia,6.379,3.7642,1.39729,0.92624,0.79565,0.32377,0.0663,0.25495,2.61523
2016,Saudi Arabia,Middle East and Northern Africa,6.379,3.76418,1.48953,0.84829,0.59267,0.37904,0.30008,0.15457,2.61482
2016,Chile,Latin America and Caribbean,6.705,3.74975,1.2167,0.90587,0.81883,0.37789,0.11451,0.31595,2.95505
2016,Costa Rica,Latin America and Caribbean,7.087,3.73502,1.06879,1.02152,0.76146,0.55225,0.10547,0.22553,3.35168
2016,Estonia,Central and Eastern Europe,5.517,3.69678,1.27964,1.05163,0.68098,0.41511,0.18519,0.08423,1.81985
2016,Panama,Latin America and Caribbean,6.701,3.69583,1.18306,0.98912,0.70835,0.48927,0.08423,0.2418,3.00559
2016,Trinidad and Tobago,Latin America and Caribbean,6.168,3.65378,1.32572,0.98569,0.52608,0.48453,0.01241,0.31935,2.51394
2016,Malaysia,Southeastern Asia,6.005,3.65119,1.25142,0.88025,0.62366,0.39031,0.09081,0.41474,2.35384
2016,Uzbekistan,Central and Eastern Europe,5.987,3.64071,0.73591,1.1681,0.50163,0.60848,0.28333,0.34326,2.34638
2016,Poland,Central and Eastern Europe,5.835,3.63461,1.24585,1.04685,0.69058,0.4519,0.055,0.14443,2.20035
2016,Czech Republic,Central and Eastern Europe,6.596,3.63417,1.30915,1.00793,0.76376,0.41418,0.03986,0.09929,2.96211
2016,Italy,Western Europe,5.977,3.62831,1.35495,1.04167,0.85102,0.18827,0.02556,0.16684,2.34918
2016,Portugal,Western Europe,5.123,3.59276,1.27607,0.94367,0.79363,0.44727,0.01521,0.11691,1.53015
2016,Argentina,Latin America and Caribbean,6.65,3.52029,1.15137,1.06612,0.69711,0.42284,0.07296,0.10989,3.12985
2016,Cyprus,Western Europe,5.546,3.50075,1.31857,0.70697,0.8488,0.29507,0.05228,0.27906,2.04497
2016,Sri Lanka,Southern Asia,4.415,3.49867,0.97318,0.84783,0.62007,0.50817,0.07964,0.46978,0.91681
2016,South Korea,Eastern Asia,5.835,3.48495,1.35948,0.72194,0.88645,0.25168,0.07716,0.18824,2.35015
2016,Slovakia,Central and Eastern Europe,6.078,3.46783,1.27973,1.08268,0.70367,0.23391,0.02947,0.13837,2.61065
2016,Dominican Republic,Latin America and Caribbean,5.155,3.45869,1.02787,0.99496,0.57669,0.52259,0.12372,0.21286,1.69626
2016,Mauritius,Sub-Saharan Africa,5.648,3.44555,1.14372,0.75695,0.66189,0.46145,0.05203,0.36951,2.20223
2016,Brazil,Latin America and Caribbean,6.952,3.44474,1.08754,1.03938,0.61415,0.40425,0.14166,0.15776,3.50733
2016,Turkmenistan,Central and Eastern Europe,5.658,3.44282,1.08017,1.03817,0.44006,0.37408,0.28467,0.22567,2.21489
2016,Kazakhstan,Central and Eastern Europe,5.919,3.42536,1.22943,0.95544,0.57386,0.4052,0.11132,0.15011,2.49325
2016,Belarus,Central and Eastern Europe,5.802,3.41649,1.13062,1.04993,0.63104,0.29091,0.17457,0.13942,2.38582
2016,Paraguay,Latin America and Caribbean,5.538,3.37706,0.89373,1.11111,0.58295,0.46235,0.07396,0.25296,2.16091
2016,Mongolia,Eastern Asia,4.907,3.37101,0.98853,1.08983,0.55469,0.35972,0.03285,0.34539,1.53586
2016,Bhutan,Southern Asia,5.196,3.36645,0.8527,0.90836,0.49759,0.46074,0.1616,0.48546,1.82916
2016,Latvia,Central and Eastern Europe,5.56,3.35096,1.21788,0.95025,0.63952,0.27996,0.0889,0.17445,2.20859
2016,Colombia,Latin America and Caribbean,6.481,3.3062,1.03032,1.02169,0.59659,0.44735,0.05399,0.15626,3.17471
2016,Indonesia,Southeastern Asia,5.314,3.28183,0.95104,0.87625,0.49374,0.39237,0.00322,0.56521,2.03171
2016,Russia,Central and Eastern Europe,5.856,3.26484,1.23228,1.05261,0.58991,0.32682,0.03586,0.02736,2.59115
2016,Libya,Middle East and Northern Africa,5.615,3.22166,1.06688,0.95076,0.52304,0.40672,0.10339,0.17087,2.39374
2016,Mexico,Latin America and Caribbean,6.778,3.2191,1.11508,0.7146,0.71143,0.37709,0.18355,0.11735,3.55906
2016,Lithuania,Central and Eastern Europe,5.813,3.20779,1.2692,1.06411,0.64674,0.18929,0.0182,0.02025,2.60525
2016,Ecuador,Latin America and Caribbean,5.976,3.20274,0.97306,0.85974,0.68613,0.4027,0.18037,0.10074,2.77366
2016,Suriname,Latin America and Caribbean,6.269,3.20076,1.09686,0.77866,0.50933,0.52234,0.12692,0.16665,3.06852
2016,Hungary,Central and Eastern Europe,5.145,3.19056,1.24142,0.93164,0.67608,0.1977,0.04472,0.099,1.95473
2016,Nicaragua,Latin America and Caribbean,5.992,3.16765,0.69384,0.89521,0.65213,0.46582,0.16292,0.29773,2.82428
2016,Jamaica,Latin America and Caribbean,5.51,3.1531,0.89333,0.96372,0.59469,0.43597,0.04294,0.22245,2.35682
2016,Guatemala,Latin America and Caribbean,6.324,3.125,0.83454,0.87119,0.54039,0.50379,0.08701,0.28808,3.19863
2016,Vietnam,Southeastern Asia,5.061,3.11896,0.74037,0.79117,0.66157,0.55954,0.11556,0.25075,1.9418
2016,Venezuela,Latin America and Caribbean,6.084,3.10974,1.13367,1.03302,0.61904,0.19847,0.08304,0.0425,2.97468
2016,Jordan,Middle East and Northern Africa,5.303,3.10183,0.99673,0.86216,0.60712,0.36023,0.13297,0.14262,2.20142
2016,Turkey,Middle East and Northern Africa,5.389,3.09871,1.16492,0.87717,0.64718,0.23889,0.12348,0.04707,2.29074
2016,Romania,Central and Eastern Europe,5.528,3.07655,1.1697,0.72803,0.67602,0.36712,0.00679,0.12889,2.45184
2016,China,Eastern Asia,5.245,3.07438,1.0278,0.79381,0.73561,0.44012,0.02745,0.04959,2.17087
2016,Bulgaria,Central and Eastern Europe,4.217,3.06281,1.11306,0.92542,0.67806,0.21219,0.00615,0.12793,1.15377
2016,Lebanon,Middle East and Northern Africa,5.129,3.05605,1.12268,0.64184,0.76171,0.26228,0.03061,0.23693,2.07339
2016,Philippines,Southeastern Asia,5.279,3.04415,0.81217,0.87877,0.47036,0.54854,0.11757,0.21674,2.23484
2016,Macedonia,Central and Eastern Europe,5.121,3.03126,1.0193,0.78236,0.64738,0.27668,0.07047,0.23507,2.08947
2016,Azerbaijan,Central and Eastern Europe,5.291,3.018,1.12373,0.76042,0.54504,0.35327,0.17914,0.0564,2.2735
2016,Peru,Latin America and Caribbean,5.743,3.01172,0.99602,0.81255,0.62994,0.37502,0.05292,0.14527,2.73117
2016,Botswana,Sub-Saharan Africa,3.974,3.00647,1.09426,0.89186,0.34752,0.44089,0.10769,0.12425,0.96741
2016,Croatia,Central and Eastern Europe,5.488,2.96325,1.18649,0.60809,0.70524,0.23907,0.04002,0.18434,2.52462
2016,Algeria,Middle East and Northern Africa,6.355,2.94586,1.05266,0.83309,0.61804,0.21006,0.16157,0.07044,3.40904
2016,Bolivia,Latin America and Caribbean,5.822,2.90576,0.79422,0.83779,0.4697,0.50961,0.07746,0.21698,2.91635
2016,Montenegro,Central and Eastern Europe,5.161,2.90567,1.07838,0.74173,0.63533,0.15111,0.12721,0.17191,2.25531
2016,Greece,Western Europe,5.033,2.90337,1.24886,0.75473,0.80029,0.05822,0.04127,0,2.12944
2016,Kyrgyzstan,Central and Eastern Europe,5.185,2.90333,0.56044,0.95434,0.55449,0.40212,0.04762,0.38432,2.28136
2016,Serbia,Central and Eastern Europe,5.177,2.9014,1.03437,0.81329,0.6458,0.15718,0.04339,0.20737,2.27539
2016,Myanmar,Southeastern Asia,4.395,2.88879,0.34112,0.69981,0.3988,0.42692,0.20243,0.81971,1.50655
2016,Belize,Latin America and Caribbean,5.956,2.87526,0.87616,0.68655,0.45569,0.51231,0.10771,0.23684,3.08039
2016,El Salvador,Latin America and Caribbean,6.068,2.84704,0.8737,0.80975,0.596,0.37269,0.10613,0.08877,3.22134
2016,Ukraine,Central and Eastern Europe,4.324,2.82379,0.87287,1.01413,0.58628,0.12859,0.01829,0.20363,1.50066
2016,South Africa,Sub-Saharan Africa,4.459,2.81634,1.02416,0.96053,0.18611,0.42483,0.08415,0.13656,1.64227
2016,Iran,Middle East and Northern Africa,4.813,2.81499,1.11758,0.38857,0.64232,0.22544,0.0557,0.38538,1.99817
2016,Laos,Southeastern Asia,4.876,2.78973,0.68042,0.5497,0.38291,0.52168,0.22423,0.43079,2.08637
2016,Iraq,Middle East and Northern Africa,4.575,2.75836,1.07474,0.59205,0.51076,0.24856,0.13636,0.19589,1.81657
2016,Albania,Central and Eastern Europe,4.655,2.72707,0.9553,0.50163,0.73007,0.31866,0.05301,0.1684,1.92816
2016,Bosnia and Herzegovina,Central and Eastern Europe,5.163,2.67916,0.93383,0.64367,0.70766,0.09511,0,0.29889,2.48406
2016,Gabon,Sub-Saharan Africa,4.121,2.66815,1.15851,0.72368,0.3494,0.28098,0.09314,0.06244,1.45332
2016,Namibia,Sub-Saharan Africa,4.574,2.65201,0.93287,0.70362,0.34745,0.48614,0.10398,0.07795,1.92198
2016,Somaliland Region,Sub-Saharan Africa,5.057,2.61931,0.25558,0.75862,0.33108,0.3913,0.36794,0.51479,2.43801
2016,Tajikistan,Central and Eastern Europe,4.996,2.60471,0.48835,0.75602,0.53119,0.43408,0.13509,0.25998,2.39106
2016,Kosovo,Central and Eastern Europe,5.401,2.59142,0.90145,0.66062,0.54,0.14396,0.06547,0.27992,2.80998
2016,Cambodia,Southeastern Asia,3.907,2.59131,0.55604,0.5375,0.42494,0.58852,0.08092,0.40339,1.31573
2016,Honduras,Latin America and Caribbean,4.871,2.57509,0.69429,0.75596,0.58383,0.26755,0.06906,0.2044,2.29551
2016,Rwanda,Sub-Saharan Africa,3.515,2.5469,0.32846,0.61586,0.31865,0.5432,0.50521,0.23552,0.96819
2016,Moldova,Central and Eastern Europe,5.897,2.5172,0.69177,0.83132,0.52309,0.25202,0.01903,0.19997,3.38007
2016,Kenya,Sub-Saharan Africa,4.356,2.47244,0.52267,0.7624,0.30147,0.40576,0.06686,0.41328,1.88326
2016,Nepal,Southern Asia,4.793,2.46578,0.44626,0.69699,0.50073,0.37012,0.07008,0.3816,2.32694
2016,Egypt,Middle East and Northern Africa,4.362,2.3927,0.95395,0.49813,0.52116,0.18847,0.10393,0.12706,1.96895
2016,Georgia,Central and Eastern Europe,4.252,2.38203,0.83792,0.19249,0.64035,0.32461,0.3188,0.06786,1.87031
2016,Armenia,Central and Eastern Europe,4.36,2.38092,0.86086,0.62477,0.64083,0.14037,0.03616,0.07793,1.97864
2016,Tunisia,Middle East and Northern Africa,5.045,2.36125,0.97724,0.43165,0.59577,0.23553,0.0817,0.03936,2.68413
2016,Palestinian Territories,Middle East and Northern Africa,4.754,2.35008,0.67024,0.71629,0.56844,0.17744,0.10613,0.11154,2.40364
2016,Tanzania,Sub-Saharan Africa,3.666,2.28809,0.47155,0.77623,0.357,0.3176,0.05099,0.31472,1.37769
2016,Mauritania,Sub-Saharan Africa,4.201,2.27493,0.61391,0.84142,0.28639,0.1268,0.17955,0.22686,1.9263
2016,Syria,Middle East and Northern Africa,3.069,2.25121,0.74719,0.14866,0.62994,0.06912,0.17233,0.48397,0.81789
2016,Senegal,Sub-Saharan Africa,4.219,2.24027,0.44314,0.77416,0.40457,0.31056,0.11681,0.19103,1.97861
2016,Uganda,Sub-Saharan Africa,3.739,2.22522,0.34719,0.90981,0.19625,0.43653,0.06442,0.27102,1.51416
2016,India,Southern Asia,4.404,2.22409,0.74036,0.29247,0.45091,0.40285,0.08722,0.25028,2.18032
2016,Zambia,Sub-Saharan Africa,4.795,2.20542,0.61202,0.6376,0.23573,0.42662,0.11479,0.17866,2.58991
2016,Morocco,Middle East and Northern Africa,5.151,2.20227,0.84058,0.38595,0.59471,0.25646,0.08404,0.04053,2.94891
2016,Congo (Brazzaville),Sub-Saharan Africa,4.236,2.12888,0.77109,0.47799,0.28212,0.37938,0.09753,0.12077,2.10681
2016,Ghana,Sub-Saharan Africa,4.276,2.07577,0.63107,0.49353,0.29681,0.40973,0.0326,0.21203,2.2002
2016,Bangladesh,Southern Asia,4.643,2.03408,0.54177,0.24749,0.52989,0.39778,0.12583,0.19132,2.60904
2016,Sudan,Sub-Saharan Africa,4.139,2.02872,0.63069,0.81928,0.29759,0,0.10039,0.18077,2.10995
2016,Cameroon,Sub-Saharan Africa,4.513,1.99279,0.52497,0.62542,0.12698,0.42736,0.06126,0.2268,2.5198
2016,Nigeria,Sub-Saharan Africa,4.875,1.98945,0.75216,0.64498,0.05108,0.27854,0.0305,0.23219,2.88586
2016,Mali,Sub-Saharan Africa,4.073,1.96227,0.31292,0.86333,0.16347,0.27544,0.13647,0.21064,2.11087
2016,Pakistan,Southern Asia,5.132,1.94944,0.68816,0.26135,0.40306,0.14622,0.1388,0.31185,3.18286
2016,Ivory Coast,Sub-Saharan Africa,3.916,1.9409,0.55507,0.57576,0.04476,0.40663,0.1553,0.20338,1.97478
2016,Burkina Faso,Sub-Saharan Africa,3.739,1.86602,0.31995,0.63054,0.21297,0.3337,0.12533,0.24353,1.87319
2016,Ethiopia,Sub-Saharan Africa,4.508,1.85188,0.29283,0.37932,0.34578,0.36703,0.1717,0.29522,2.65614
2016,Angola,Sub-Saharan Africa,3.866,1.77182,0.84731,0.66366,0.04991,0.00589,0.08434,0.12071,2.09459
2016,Niger,Sub-Saharan Africa,3.856,1.76149,0.1327,0.6053,0.26162,0.38041,0.17176,0.2097,2.09469
2016,Yemen,Middle East and Northern Africa,3.724,1.75063,0.57939,0.47493,0.31048,0.2287,0.05892,0.09821,1.97295
2016,Zimbabwe,Sub-Saharan Africa,4.193,1.74983,0.35041,0.71478,0.1595,0.25429,0.08582,0.18503,2.4427
2016,Comoros,Sub-Saharan Africa,3.956,1.69932,0.27509,0.60323,0.29981,0.15412,0.18437,0.1827,2.25632
2016,Haiti,Latin America and Caribbean,4.028,1.65658,0.34097,0.29561,0.27494,0.12072,0.14476,0.47958,2.37116
2016,Sierra Leone,Sub-Saharan Africa,4.635,1.62063,0.36485,0.628,0,0.30685,0.08196,0.23897,3.01402
2016,Somalia,Sub-Saharan Africa,5.44,1.60262,0,0.33613,0.11466,0.56778,0.3118,0.27225,3.83772
2016,Madagascar,Sub-Saharan Africa,3.695,1.54408,0.27954,0.46115,0.37109,0.13684,0.07506,0.2204,2.15075
2016,Congo (Kinshasa),Sub-Saharan Africa,4.272,1.52272,0.05661,0.80676,0.188,0.15602,0.06075,0.25458,2.74924
2016,Chad,Sub-Saharan Africa,3.763,1.45642,0.42214,0.63178,0.03824,0.12807,0.04952,0.18667,2.30637
2016,Guinea,Sub-Saharan Africa,3.607,1.45121,0.22415,0.3109,0.18829,0.30953,0.1192,0.29914,2.15604
2016,Liberia,Sub-Saharan Africa,3.622,1.38887,0.10706,0.50353,0.23165,0.25748,0.04852,0.24063,2.23284
2016,Benin,Sub-Saharan Africa,3.484,1.37554,0.39499,0.10419,0.21028,0.39747,0.06681,0.2018,2.10812
2016,Malawi,Sub-Saharan Africa,4.156,1.32735,0.08709,0.147,0.29364,0.4143,0.07564,0.30968,2.82859
2016,South Sudan,Sub-Saharan Africa,3.832,1.3227,0.39394,0.18519,0.15781,0.19662,0.13015,0.25899,2.50929
2016,Afghanistan,Southern Asia,3.36,1.21418,0.38227,0.11037,0.17344,0.1643,0.07112,0.31268,2.14558
2016,Togo,Sub-Saharan Africa,3.303,1.16716,0.28123,0,0.24811,0.34678,0.11587,0.17517,2.1354
2016,Burundi,Sub-Saharan Africa,2.905,0.80049,0.06831,0.23442,0.15747,0.0432,0.09419,0.2029,2.10404
2017,Singapore,Southeastern Asia,6.572000027,5.355698764,1.69227767,1.353814363,0.949492395,0.549840569,0.345965981,0.464307785,1.216362
2017,New Zealand,Australia and New Zealand,7.31400013,5.267544836,1.405706048,1.548195124,0.816759706,0.61406213,0.500005126,0.382816702,2.046456337
2017,Norway,Western Europe,7.537000179,5.260051906,1.616463184,1.53352356,0.796666503,0.635422587,0.362012237,0.315963835,2.277026653
2017,Luxembourg,Western Europe,6.862999916,5.243260056,1.741943598,1.457583666,0.845089495,0.596627891,0.283180982,0.318834424,1.619512081
2017,Qatar,Middle East and Northern Africa,6.375,5.229064763,1.870765686,1.27429688,0.710098088,0.604130983,0.33047387,0.439299256,1.14546442
2017,Australia,Australia and New Zealand,7.28399992,5.218834043,1.484414935,1.510041952,0.843886793,0.601607382,0.47769925,0.30118373,2.065210819
2017,Switzerland,Western Europe,7.493999958,5.217649728,1.564979553,1.516911745,0.858131289,0.620070577,0.290549278,0.367007285,2.276716232
2017,Denmark,Western Europe,7.521999836,5.208127409,1.482383013,1.551121593,0.792565525,0.626006722,0.355280489,0.400770068,2.313707352
2017,Ireland,Western Europe,6.977000237,5.203077197,1.535706639,1.558231115,0.809782624,0.573110342,0.427858323,0.298388153,1.773869038
2017,Sweden,Western Europe,7.28399992,5.186146677,1.494387269,1.478162169,0.830875158,0.612924099,0.385399252,0.384398729,2.097537994
2017,Iceland,Western Europe,7.504000187,5.180988565,1.48063302,1.610574007,0.833552122,0.627162635,0.475540221,0.153526559,2.322715282
2017,Canada,North America,7.315999985,5.129123211,1.479204416,1.481348991,0.834557652,0.611100912,0.435539722,0.287371516,2.187264442
2017,Netherlands,Western Europe,7.376999855,5.082116127,1.503944635,1.428939223,0.810696125,0.585384488,0.47048983,0.282661825,2.294804096
2017,Finland,Western Europe,7.468999863,5.039021492,1.443571925,1.540246725,0.80915767,0.617950857,0.245482773,0.382611543,2.430181503
2017,United Kingdom,Western Europe,6.714000225,5.00982222,1.44163394,1.49646008,0.805335939,0.508190036,0.492774159,0.265428066,1.704143524
2017,Malta,Western Europe,6.52699995,4.970199436,1.343279839,1.488411665,0.821944237,0.588767052,0.574730575,0.153066069,1.556862831
2017,Germany,Western Europe,6.951000214,4.93490696,1.487923384,1.472520351,0.798950732,0.562511384,0.33626917,0.276731938,2.015769958
2017,"Hong Kong S.A.R., China",Eastern Asia,5.472000122,4.916896373,1.551674843,1.262790918,0.943062425,0.490968645,0.374465793,0.293933749,0.554633141
2017,United Arab Emirates,Middle East and Northern Africa,6.647999763,4.913328618,1.626343369,1.266410232,0.726798236,0.60834527,0.360941947,0.324489564,1.734703541
2017,Austria,Western Europe,7.006000042,4.867669523,1.487097263,1.459944963,0.815328419,0.56776619,0.316472322,0.221060365,2.138506413
2017,United States,North America,6.993000031,4.774424568,1.546259284,1.419920564,0.774286628,0.505740523,0.392578781,0.135638788,2.218113422
2017,Belgium,Western Europe,6.890999794,4.76680252,1.463780761,1.462312698,0.818091869,0.539770722,0.231503338,0.251343131,2.124210358
2017,Japan,Eastern Asia,5.920000076,4.556687929,1.416915178,1.436337829,0.913475871,0.505625546,0.120572768,0.163760737,1.363223553
2017,Spain,Western Europe,6.402999878,4.475278266,1.384397864,1.532090902,0.8889606,0.40878123,0.190133572,0.070914097,1.92775774
2017,Kuwait,Middle East and Northern Africa,6.105000019,4.464543849,1.632952452,1.259698749,0.632105708,0.496337593,0.228289798,0.21515955,1.640425205
2017,Slovenia,Central and Eastern Europe,5.757999897,4.444906883,1.341205955,1.452518821,0.790828228,0.572575808,0.242649093,0.045128979,1.313317299
2017,France,Western Europe,6.441999912,4.435653016,1.430923462,1.387776852,0.844465852,0.470222116,0.129762307,0.172502428,2.005954742
2017,Bahrain,Middle East and Northern Africa,6.086999893,4.431113333,1.488412261,1.323110461,0.653133035,0.536746919,0.172668487,0.25704217,1.656149387
2017,Israel,Middle East and Northern Africa,7.212999821,4.411389746,1.375382423,1.376289964,0.838404,0.405988604,0.330082655,0.0852421,2.801757336
2017,Thailand,Southeastern Asia,6.423999786,4.384836834,1.127868772,1.425792456,0.647239029,0.580200732,0.57212311,0.031612735,2.039508343
2017,Taiwan Province of China,Eastern Asia,6.421999931,4.295832418,1.433626533,1.384565353,0.793984234,0.361466587,0.258360475,0.063829236,2.126607418
2017,Uruguay,Latin America and Caribbean,6.453999996,4.281555444,1.217559695,1.412227869,0.719216824,0.579392254,0.175096929,0.178061873,2.172409534
2017,Saudi Arabia,Middle East and Northern Africa,6.343999863,4.278248325,1.530623555,1.286677599,0.59014833,0.449750572,0.147616014,0.273432255,2.065429688
2017,North Cyprus,Western Europe,5.809999943,4.261264607,1.346911311,1.186303377,0.834647238,0.471203625,0.266845703,0.155353352,1.549157619
2017,Estonia,Central and Eastern Europe,5.611000061,4.25398992,1.32087934,1.4766711,0.695168316,0.47913143,0.098890811,0.183248922,1.357508659
2017,Costa Rica,Latin America and Caribbean,7.078999996,4.180470668,1.109706283,1.416403651,0.759509265,0.58013165,0.214613229,0.100106589,2.898639202
2017,Poland,Central and Eastern Europe,5.97300005,4.175091065,1.291787863,1.44571197,0.699475348,0.520342112,0.158465967,0.059307806,1.797722816
2017,Czech Republic,Central and Eastern Europe,6.609000206,4.156937432,1.352682352,1.433885217,0.754444003,0.490946174,0.088106759,0.036872927,2.451861858
2017,Uzbekistan,Central and Eastern Europe,5.971000195,4.154443398,0.786441088,1.54896915,0.498272628,0.658248663,0.415983647,0.246528223,1.816913605
2017,Italy,Western Europe,5.964000225,4.150402701,1.395066619,1.444923282,0.853144348,0.256450713,0.172789648,0.028028091,1.813312054
2017,Panama,Latin America and Caribbean,6.452000141,4.144664817,1.233748436,1.373192549,0.706156135,0.550026834,0.210556939,0.070983924,2.307199955
2017,Chile,Latin America and Caribbean,6.65199995,4.14213495,1.25278461,1.284024954,0.819479704,0.376895279,0.326662421,0.082287982,2.509585857
2017,Trinidad and Tobago,Latin America and Caribbean,6.168000221,4.114459733,1.361355901,1.380228519,0.519983292,0.518630743,0.325296462,0.008964816,2.053247452
2017,Portugal,Western Europe,5.195000172,4.087499319,1.315175295,1.367043018,0.795843542,0.4984653,0.095102713,0.015869452,1.107682705
2017,Malaysia,Southeastern Asia,6.084000111,4.079120502,1.29121542,1.284646034,0.618784428,0.402264982,0.41660893,0.065600708,2.004448891
2017,Kazakhstan,Central and Eastern Europe,5.818999767,4.033668429,1.28455627,1.384369016,0.606041551,0.437454283,0.201964423,0.119282886,1.784892559
2017,Sri Lanka,Southern Asia,4.440000057,4.020688146,1.009850144,1.259976387,0.625130832,0.561213255,0.490863562,0.073653966,0.419389248
2017,Slovakia,Central and Eastern Europe,6.09800005,3.999758508,1.325393558,1.505059242,0.712732911,0.295817465,0.136544481,0.024210852,2.097776651
2017,Cyprus,Western Europe,5.620999813,3.999619868,1.355938077,1.131363273,0.844714701,0.355111539,0.271254301,0.041237976,1.621249199
2017,Turkmenistan,Central and Eastern Europe,5.822000027,3.989119262,1.130776763,1.493149161,0.43772608,0.418271929,0.249924988,0.25927034,1.832909822
2017,Argentina,Latin America and Caribbean,6.598999977,3.984599844,1.185295463,1.440451145,0.695137084,0.494519204,0.109457061,0.059739888,2.614005327
2017,South Korea,Eastern Asia,5.837999821,3.958045661,1.401678443,1.128274441,0.900214076,0.257921666,0.206674367,0.063282669,1.880378008
2017,Mauritius,Sub-Saharan Africa,5.629000187,3.931326631,1.189395547,1.20956099,0.638007462,0.491247326,0.360933751,0.042181555,1.697583914
2017,Dominican Republic,Latin America and Caribbean,5.230000019,3.910167225,1.079373837,1.402416706,0.574873745,0.552589834,0.18696785,0.113945253,1.31946516
2017,Bhutan,Southern Asia,5.011000156,3.870394811,0.885416389,1.340126514,0.495879292,0.501537681,0.474054545,0.17338039,1.140184402
2017,Brazil,Latin America and Caribbean,6.635000229,3.86610797,1.10735321,1.431306005,0.616552353,0.437453747,0.162349895,0.111092761,2.769267082
2017,Latvia,Central and Eastern Europe,5.849999905,3.856655963,1.260748625,1.404714942,0.638566971,0.325707912,0.153074786,0.073842727,1.993655205
2017,Belarus,Central and Eastern Europe,5.568999767,3.846068636,1.15655756,1.444945216,0.637714267,0.295400262,0.155137509,0.156313822,1.723232985
2017,Mongolia,Eastern Asia,4.954999924,3.843541075,1.027235866,1.493011236,0.557783484,0.394143969,0.33846423,0.032902289,1.111292362
2017,Indonesia,Southeastern Asia,5.262000084,3.832674199,0.995538592,1.274444699,0.492345721,0.443323463,0.611704588,0.015317135,1.429476976
2017,Paraguay,Latin America and Caribbean,5.493000031,3.807797253,0.932537317,1.50728488,0.579250693,0.473507792,0.224150658,0.091065913,1.68533349
2017,Russia,Central and Eastern Europe,5.962999821,3.757419635,1.281778097,1.469282389,0.547349334,0.373783112,0.052263822,0.032962881,2.205607414
2017,Colombia,Latin America and Caribbean,6.356999874,3.741003815,1.070622325,1.402182937,0.595027924,0.477487415,0.149014473,0.046668742,2.616068125
2017,Mexico,Latin America and Caribbean,6.578000069,3.740519531,1.153183818,1.21086216,0.709978998,0.412730008,0.120990433,0.132774115,2.837154865
2017,Ecuador,Latin America and Caribbean,6.007999897,3.718070745,1.000820398,1.286168814,0.685636222,0.455198199,0.150112465,0.140134647,2.290352583
2017,Bulgaria,Central and Eastern Europe,4.714000225,3.71751717,1.161459088,1.434379458,0.70821768,0.289231718,0.113177694,0.011051531,0.996139288
2017,Jamaica,Latin America and Caribbean,5.31099987,3.698213115,0.925579309,1.368218064,0.641022384,0.474307239,0.233818337,0.055267781,1.612325668
2017,Libya,Middle East and Northern Africa,5.525000095,3.689953521,1.101803064,1.35756433,0.52016902,0.46573323,0.152073666,0.09261021,1.835011244
2017,Lithuania,Central and Eastern Europe,5.90199995,3.673310479,1.314582348,1.473516107,0.62894994,0.234231785,0.010164657,0.011865643,2.228440523
2017,Romania,Central and Eastern Europe,5.824999809,3.647845075,1.217683911,1.15009129,0.685158312,0.457003742,0.133519918,0.004387901,2.176831484
2017,Turkey,Middle East and Northern Africa,5.5,3.62073838,1.198274374,1.337753177,0.637605608,0.3007406,0.046693042,0.09967158,1.879277945
2017,Vietnam,Southeastern Asia,5.073999882,3.611864775,0.788547575,1.277491331,0.652168989,0.571055591,0.234968051,0.087633237,1.462318659
2017,Hungary,Central and Eastern Europe,5.323999882,3.607810598,1.286011934,1.343133092,0.687763453,0.175863519,0.078401662,0.036636937,1.716459274
2017,Guatemala,Latin America and Caribbean,6.453999996,3.559849419,0.872001946,1.255585194,0.54023999,0.531310618,0.283488393,0.077223279,2.893891096
2017,Nicaragua,Latin America and Caribbean,6.071000099,3.55752492,0.737299204,1.28721571,0.653095961,0.447551847,0.301674217,0.130687982,2.513930559
2017,Macedonia,Central and Eastern Europe,5.175000191,3.557363871,1.064577937,1.207893014,0.644948184,0.325905979,0.253760964,0.060277794,1.617469311
2017,Jordan,Middle East and Northern Africa,5.335999966,3.545086227,0.991012394,1.239088893,0.604590058,0.418421149,0.17217046,0.119803272,1.791176558
2017,Lebanon,Middle East and Northern Africa,5.224999905,3.530173428,1.074987531,1.129624248,0.735081077,0.288515985,0.264450759,0.03751383,1.695073843
2017,Montenegro,Central and Eastern Europe,5.236999989,3.508044481,1.121129036,1.238376498,0.667464674,0.194989055,0.197911024,0.088174194,1.729191542
2017,Peru,Latin America and Caribbean,5.715000153,3.508033451,1.035225272,1.218770385,0.630166113,0.450002879,0.126819715,0.047049087,2.20726943
2017,China,Eastern Asia,5.272999763,3.507807527,1.081165791,1.160837412,0.741415501,0.472787708,0.028806841,0.022794275,1.764938593
2017,Greece,Western Europe,5.227000237,3.478121985,1.289487481,1.239414573,0.810198903,0.095731251,0,0.043289777,1.749221563
2017,Azerbaijan,Central and Eastern Europe,5.234000206,3.471190482,1.153601766,1.152400255,0.540775776,0.398155838,0.04526934,0.180987507,1.762481689
2017,Kyrgyzstan,Central and Eastern Europe,5.004000187,3.466879405,0.596220076,1.394238591,0.553457797,0.454943389,0.428580374,0.039439179,1.536723137
2017,Venezuela,Latin America and Caribbean,5.25,3.460420899,1.128431201,1.431337595,0.617144227,0.153997123,0.06501963,0.064491123,1.789463758
2017,Philippines,Southeastern Asia,5.429999828,3.457685836,0.857699215,1.253917575,0.468009055,0.585214674,0.193513423,0.099331893,1.972604752
2017,Serbia,Central and Eastern Europe,5.394999981,3.448037241,1.069317579,1.258189797,0.650784671,0.208715528,0.220125884,0.040903781,1.947084427
2017,Croatia,Central and Eastern Europe,5.293000221,3.438706141,1.222556233,0.967983007,0.701288521,0.255772293,0.248002976,0.04310311,1.854492426
2017,Myanmar,Southeastern Asia,4.545000076,3.429252461,0.36711055,1.123235941,0.397522569,0.514492035,0.838075161,0.188816205,1.115290403
2017,Botswana,Sub-Saharan Africa,3.766000032,3.388532639,1.122094154,1.221554995,0.341755509,0.505196333,0.099348448,0.098583199,0.377913713
2017,Bolivia,Latin America and Caribbean,5.822999954,3.379777245,0.833756566,1.227619052,0.47363025,0.558732927,0.225560725,0.060477726,2.443279028
2017,Belize,Latin America and Caribbean,5.955999851,3.323690966,0.907975316,1.081417799,0.450191766,0.547509372,0.240015641,0.096581072,2.631955624
2017,South Africa,Sub-Saharan Africa,4.828999996,3.317686021,1.054698706,1.384788632,0.18708007,0.479246736,0.13936238,0.072509497,1.510908604
2017,Algeria,Middle East and Northern Africa,5.872000217,3.304535143,1.091864467,1.146217465,0.617584646,0.233335808,0.069436647,0.14609611,2.567603827
2017,Bosnia and Herzegovina,Central and Eastern Europe,5.18200016,3.290202335,0.982409418,1.069335938,0.705186307,0.204403177,0.328867495,0,1.892172575
2017,El Salvador,Latin America and Caribbean,6.002999783,3.288619615,0.909784496,1.182125092,0.596018553,0.43245253,0.078257985,0.08998096,2.714593887
2017,Ukraine,Central and Eastern Europe,4.096000195,3.281159179,0.894651949,1.394537568,0.575903952,0.122974776,0.270061463,0.023029471,0.814382315
2017,Kosovo,Central and Eastern Europe,5.278999805,3.268480942,0.951484382,1.137853503,0.54145205,0.260287941,0.319931448,0.057471618,2.010540724
2017,Iran,Middle East and Northern Africa,4.691999912,3.193084139,1.156873107,0.711551249,0.639333189,0.249322608,0.387242913,0.048761073,1.498734951
2017,Tajikistan,Central and Eastern Europe,5.040999889,3.192353532,0.524713635,1.271463275,0.529235125,0.471566707,0.248997644,0.146377146,1.84904933
2017,Iraq,Middle East and Northern Africa,4.497000217,3.177912705,1.102710485,0.978613198,0.50118047,0.288555533,0.199637264,0.107215755,1.318907261
2017,Albania,Central and Eastern Europe,4.644000053,3.153713543,0.996192753,0.803685248,0.731159747,0.381498635,0.201312944,0.039864216,1.490441561
2017,Gabon,Sub-Saharan Africa,4.465000153,3.142569788,1.198210239,1.155620217,0.356578588,0.312328577,0.043785378,0.076046787,1.322916269
2017,Cambodia,Southeastern Asia,4.168000221,3.125191584,0.601765096,1.006238341,0.429783404,0.633375823,0.385922968,0.068105951,1.042941093
2017,Honduras,Latin America and Caribbean,5.181000233,3.114701763,0.730573118,1.143944979,0.58256948,0.34807986,0.236188874,0.073345453,2.065811157
2017,Namibia,Sub-Saharan Africa,4.573999882,3.092101209,0.964434326,1.098470807,0.338611811,0.520303547,0.077133745,0.093146972,1.481890202
2017,Nepal,Southern Asia,4.961999893,3.070611894,0.479820192,1.179283261,0.504130781,0.440305948,0.394096166,0.072975546,1.891241074
2017,Egypt,Middle East and Northern Africa,4.735000134,3.032483421,0.989701807,0.997471392,0.520187259,0.282110155,0.128631443,0.114381365,1.702161074
2017,Moldova,Central and Eastern Europe,5.837999821,3.029760864,0.72887063,1.251825571,0.589465201,0.240729049,0.208779126,0.010091286,2.807808399
2017,Rwanda,Sub-Saharan Africa,3.470999956,2.93069762,0.368745893,0.945707023,0.326424807,0.581843853,0.252756029,0.455220014,0.540061235
2017,Tunisia,Middle East and Northern Africa,4.804999828,2.91492651,1.007265806,0.86835146,0.613212049,0.28968069,0.049693357,0.086723149,1.89025116
2017,Kenya,Sub-Saharan Africa,4.552999973,2.900683932,0.560479462,1.067950726,0.30998835,0.452763766,0.444860309,0.064641319,1.651902199
2017,Palestinian Territories,Middle East and Northern Africa,4.775000095,2.895730197,0.716249228,1.155647159,0.565666974,0.254711062,0.114173174,0.089282602,1.878890276
2017,Armenia,Central and Eastern Europe,4.375999928,2.854070665,0.900596738,1.007483721,0.637524426,0.198303267,0.083488092,0.026674422,1.521499157
2017,India,Southern Asia,4.315000057,2.795773841,0.792221248,0.754372597,0.455427617,0.469987005,0.231538489,0.092226885,1.519117117
2017,Georgia,Central and Eastern Europe,4.285999775,2.785860065,0.950612664,0.570614934,0.649546981,0.309410036,0.054008815,0.251666635,1.500137806
2017,Morocco,Middle East and Northern Africa,5.235000134,2.778821155,0.878114581,0.774864435,0.597710669,0.408158332,0.032209955,0.087763183,2.456189394
2017,Senegal,Sub-Saharan Africa,4.534999847,2.745215394,0.479309022,1.179691911,0.409362853,0.377922267,0.183468893,0.115460448,1.789646149
2017,Tanzania,Sub-Saharan Africa,3.348999977,2.72794421,0.511135876,1.041989803,0.364509284,0.390017778,0.354256362,0.066035107,0.621130466
2017,Nigeria,Sub-Saharan Africa,5.073999882,2.708463797,0.783756256,1.215770483,0.05691573,0.394952565,0.230947196,0.026121566,2.365390539
2017,Zambia,Sub-Saharan Africa,4.513999939,2.68682716,0.636406779,1.003187299,0.257835895,0.461603492,0.249580145,0.07821355,1.826705456
2017,Mauritania,Sub-Saharan Africa,4.291999817,2.640762471,0.648457289,1.27203083,0.28534928,0.096098043,0.201870024,0.136957005,1.651637316
2017,Bangladesh,Southern Asia,4.607999802,2.62938562,0.586682975,0.735131741,0.533241034,0.478356659,0.172255352,0.123717859,1.978736162
2017,Congo (Brazzaville),Sub-Saharan Africa,4.290999889,2.566462182,0.808964252,0.832044363,0.289957434,0.435025871,0.120852128,0.079618134,1.724135637
2017,Uganda,Sub-Saharan Africa,4.080999851,2.554912791,0.381430715,1.129827738,0.217632607,0.443185955,0.325766057,0.057069719,1.526362658
2017,Ghana,Sub-Saharan Africa,4.119999886,2.541813895,0.667224824,0.873664737,0.295637727,0.423026294,0.256923944,0.02533637,1.577867508
2017,Mali,Sub-Saharan Africa,4.190000057,2.521957755,0.476180494,1.281473398,0.169365674,0.306613743,0.183354199,0.104970247,1.668190956
2017,Pakistan,Southern Asia,5.269000053,2.476631351,0.726883531,0.67269069,0.402047783,0.235215262,0.315446019,0.124348067,2.79248929
2017,Sudan,Sub-Saharan Africa,4.138999939,2.451606912,0.659516692,1.21400857,0.290920824,0.014995855,0.182317451,0.08984752,1.68706584
2017,Ethiopia,Sub-Saharan Africa,4.460000038,2.444261953,0.339233845,0.864669204,0.353409708,0.408842742,0.31265074,0.165455714,2.015743732
2017,Syria,Middle East and Northern Africa,3.461999893,2.400339387,0.777153134,0.396102607,0.500533342,0.081539445,0.493663728,0.151347131,1.061573505
2017,Lesotho,Sub-Saharan Africa,3.808000088,2.378369644,0.521021247,1.190095186,0,0.390661299,0.157497272,0.11909464,1.42983532
2017,Cameroon,Sub-Saharan Africa,4.695000172,2.361209538,0.564305365,0.946018219,0.132892117,0.430388749,0.236298457,0.051306631,2.333645582
2017,Ivory Coast,Sub-Saharan Africa,4.179999828,2.335476559,0.603048921,0.90478003,0.04864217,0.447706193,0.20123747,0.130061775,1.844964266
2017,Burkina Faso,Sub-Saharan Africa,4.032000065,2.304912619,0.350227714,1.043280005,0.215844259,0.324367851,0.250864685,0.120328106,1.727212906
2017,Zimbabwe,Sub-Saharan Africa,3.875,2.276609279,0.375846535,1.083095908,0.196763754,0.336384207,0.189143494,0.095375381,1.597970247
2017,Yemen,Middle East and Northern Africa,3.592999935,2.247502964,0.591683447,0.935382247,0.310080916,0.249463722,0.104125209,0.056767423,1.345600605
2017,Mozambique,Sub-Saharan Africa,4.550000191,2.194116682,0.23430565,0.870701015,0.106654435,0.480791092,0.322228104,0.179436386,2.355650902
2017,Angola,Sub-Saharan Africa,3.795000076,2.180355631,0.85842818,1.10441196,0.049868666,0,0.09792649,0.069720335,1.614482403
2017,Niger,Sub-Saharan Africa,4.027999878,2.154360831,0.161925331,0.993025005,0.268505007,0.363658696,0.228673846,0.138572946,1.873983383
2017,Madagascar,Sub-Saharan Africa,3.644000053,2.059213646,0.305808693,0.913020372,0.375223309,0.189196765,0.20873253,0.067231975,1.584612608
2017,Congo (Kinshasa),Sub-Saharan Africa,4.28000021,2.055191368,0.092102349,1.229023457,0.191407025,0.235961348,0.246455833,0.060241356,2.224958658
2017,Sierra Leone,Sub-Saharan Africa,4.709000111,2.040955496,0.368420929,0.984136045,0.005564754,0.318697691,0.293040901,0.071095176,2.668459892
2017,Somalia,Sub-Saharan Africa,5.151000023,2.033952264,0.022643184,0.721151352,0.113989137,0.602126956,0.291631311,0.282410324,3.11748457
2017,Guinea,Sub-Saharan Africa,3.506999969,1.954263978,0.24454993,0.791244686,0.194129139,0.348587513,0.264815092,0.110937618,1.552311897
2017,Haiti,Latin America and Caribbean,3.602999926,1.905827003,0.368610263,0.640449822,0.27732113,0.030369857,0.489203781,0.09987215,1.697167635
2017,Malawi,Sub-Saharan Africa,3.970000029,1.887897231,0.233442038,0.512568831,0.315089583,0.466914654,0.28717047,0.072711654,2.081786156
2017,Chad,Sub-Saharan Africa,3.936000109,1.865041334,0.438012987,0.953855872,0.041134715,0.162342027,0.21611385,0.053581882,2.071238041
2017,Liberia,Sub-Saharan Africa,3.532999992,1.859457243,0.119041793,0.872117937,0.229918197,0.332881182,0.266549885,0.038948249,1.673285961
2017,Benin,Sub-Saharan Africa,3.657000065,1.771155715,0.431085408,0.435299844,0.209930211,0.425962776,0.207948461,0.060929015,1.885630965
2017,South Sudan,Sub-Saharan Africa,3.59100008,1.711584523,0.397248626,0.601323128,0.163486004,0.147062436,0.285670817,0.116793513,1.879567385
2017,Togo,Sub-Saharan Africa,3.494999886,1.657420121,0.305444717,0.43188253,0.247105569,0.380426139,0.196896151,0.095665015,1.837229252
2017,Afghanistan,Southern Asia,3.79399991,1.642975606,0.401477218,0.581543326,0.180746779,0.10617952,0.311870933,0.06115783,2.150801182
2017,Burundi,Sub-Saharan Africa,2.904999971,1.221510828,0.091622569,0.629793584,0.151610792,0.059900753,0.204435185,0.084147945,1.683024168
2017,Central African Republic,Sub-Saharan Africa,2.693000078,0.627056295,0,0,0.018772686,0.270842046,0.280876487,0.056565076,2.066004753